game_id,week,date,away_team,home_team,neutral_site,away_points,home_points,played,market_spread_book,model_spread_book,expected_market_spread_book,edge_points_book,value_points_book,qualified_edge_flag,model_result
401754516,1,2025-08-23,Stanford,Hawai'i,0,20.0,23.0,True,-1.5,1.1,-1.5,2.6,0.0,0,INCORRECT
401756847,1,2025-08-23,Fresno State,Kansas,0,7.0,31.0,True,-14.0,-8.16,-11.16,5.84,-2.84,1,CORRECT
401756846,1,2025-08-23,Iowa State,Kansas State,1,24.0,21.0,True,-3.0,-0.7399999999999991,-3.0,2.2600000000000007,0.0,0,INCORRECT
401757218,1,2025-08-23,Sam Houston,Western Kentucky,0,24.0,41.0,True,-9.5,-2.3599999999999994,-5.359999999999999,7.140000000000001,-4.140000000000001,1,CORRECT
401762789,1,2025-08-28,Wyoming,Akron,0,10.0,0.0,True,5.0,-1.4199999999999988,1.5800000000000012,-6.419999999999999,3.419999999999999,0,INCORRECT
401754373,1,2025-08-28,East Carolina,NC State,0,17.0,24.0,True,-13.5,-7.340000000000001,-10.34,6.159999999999999,-3.16,1,CORRECT
401752794,1,2025-08-28,Ohio,Rutgers,0,31.0,34.0,True,-15.5,-4.140000000000001,-7.140000000000001,11.36,-8.36,1,CORRECT
401762522,1,2025-08-28,Boise State,South Florida,0,7.0,34.0,True,5.5,-2.5599999999999996,0.4400000000000004,-8.059999999999999,5.06,0,CORRECT
401756848,1,2025-08-28,Jacksonville State,UCF,0,10.0,17.0,True,-20.5,-2.4799999999999995,-5.4799999999999995,18.02,-15.02,1,CORRECT
401761589,1,2025-08-29,App State,Charlotte,1,34.0,11.0,True,8.5,-0.2799999999999997,2.72,-8.78,5.779999999999999,0,INCORRECT
401752796,1,2025-08-29,Nebraska,Cincinnati,1,20.0,17.0,True,6.0,-2.9999999999999987,1.3322676295501878e-15,-8.999999999999998,5.999999999999998,0,INCORRECT
401752802,1,2025-08-29,Western Michigan,Michigan State,0,6.0,23.0,True,-21.5,-3.8599999999999994,-6.859999999999999,17.64,-14.64,1,CORRECT
401752793,1,2025-08-29,Buffalo,Minnesota,0,10.0,23.0,True,-16.5,-6.5200000000000005,-9.52,9.98,-6.98,1,CORRECT
401754374,1,2025-08-29,Kennesaw State,Wake Forest,0,9.0,10.0,True,-18.5,-6.08,-9.08,12.42,-9.42,1,CORRECT
401762791,1,2025-08-29,Miami (OH),Wisconsin,0,0.0,17.0,True,-18.0,-3.7399999999999993,-6.739999999999999,14.260000000000002,-11.260000000000002,1,CORRECT
401752667,1,2025-08-30,Auburn,Baylor,0,38.0,24.0,True,1.0,-5.639999999999999,-2.639999999999999,-6.639999999999999,3.639999999999999,1,INCORRECT
401752671,1,2025-08-30,LSU,Clemson,0,17.0,10.0,True,-5.5,-0.9800000000000011,-3.9800000000000013,4.519999999999999,-1.5199999999999987,1,INCORRECT
401754375,1,2025-08-30,Georgia Tech,Colorado,0,27.0,20.0,True,3.5,0.20000000000000018,3.2,-3.3,0.2999999999999998,0,CORRECT
401752665,1,2025-08-30,Alabama,Florida State,0,17.0,31.0,True,13.5,0.9200000000000004,3.9200000000000004,-12.58,9.58,1,INCORRECT
401752669,1,2025-08-30,Marshall,Georgia,0,7.0,45.0,True,-38.5,-4.9,-7.9,33.6,-30.6,1,CORRECT
401752806,1,2025-08-30,Old Dominion,Indiana,0,14.0,27.0,True,-23.5,-2.680000000000001,-5.6800000000000015,20.82,-17.82,1,CORRECT
401752670,1,2025-08-30,Toledo,Kentucky,0,16.0,24.0,True,-10.0,-3.4400000000000004,-6.44,6.56,-3.5599999999999996,1,CORRECT
401752797,1,2025-08-30,Florida Atlantic,Maryland,0,7.0,39.0,True,-13.5,-5.339999999999999,-8.34,8.16,-5.16,1,CORRECT
401762456,1,2025-08-30,Temple,Massachusetts,0,42.0,10.0,True,2.5,-1.7200000000000002,1.2799999999999998,-4.220000000000001,1.2200000000000002,0,INCORRECT
401752808,1,2025-08-30,New Mexico,Michigan,0,17.0,34.0,True,-34.5,-8.8,-11.8,25.7,-22.7,1,CORRECT
401752677,1,2025-08-30,Texas,Ohio State,0,7.0,14.0,True,-2.0,-2.5599999999999996,-2.0,-0.5599999999999996,0.0,0,CORRECT
401752672,1,2025-08-30,Georgia State,Ole Miss,0,7.0,63.0,True,-33.5,-2.560000000000001,-5.5600000000000005,30.939999999999998,-27.939999999999998,1,CORRECT
401752807,1,2025-08-30,Nevada,Penn State,0,11.0,46.0,True,-43.5,-7.92,-10.92,35.58,-32.58,1,CORRECT
401752801,1,2025-08-30,Ball State,Purdue,0,0.0,31.0,True,-16.5,-6.859999999999999,-9.86,9.64,-6.640000000000001,1,CORRECT
401757224,1,2025-08-30,UNLV,Sam Houston,1,38.0,21.0,True,9.0,1.0399999999999991,4.039999999999999,-7.960000000000001,4.960000000000001,1,CORRECT
401760358,1,2025-08-30,Central Michigan,San José State,0,16.0,14.0,True,-14.5,-5.819999999999999,-8.82,8.68,-5.68,1,INCORRECT
401752673,1,2025-08-30,Mississippi State,Southern Miss,0,34.0,17.0,True,14.5,1.8599999999999994,4.859999999999999,-12.64,9.64,1,CORRECT
401752676,1,2025-08-30,Syracuse,Tennessee,1,26.0,45.0,True,-13.5,-0.5399999999999991,-3.539999999999999,12.96,-9.96,1,CORRECT
401752678,1,2025-08-30,UTSA,Texas A&M,0,24.0,42.0,True,-23.5,-4.42,-7.42,19.08,-16.08,1,CORRECT
401752803,1,2025-08-30,Northwestern,Tulane,0,3.0,23.0,True,-6.5,-0.19999999999999996,-3.2,6.3,-3.3,1,CORRECT
401757225,1,2025-08-30,UTEP,Utah State,0,16.0,28.0,True,-4.5,-3.72,-4.5,0.7799999999999998,0.0,0,CORRECT
401754616,1,2025-08-30,Coastal Carolina,Virginia,0,7.0,48.0,True,-13.5,-3.2399999999999993,-6.239999999999999,10.260000000000002,-7.260000000000001,1,CORRECT
401756849,1,2025-08-31,Hawai'i,Arizona,0,6.0,40.0,True,-15.5,-6.279999999999999,-9.28,9.22,-6.220000000000001,1,CORRECT
401760361,1,2025-08-31,Georgia Southern,Fresno State,0,14.0,42.0,True,-2.0,2.8,-0.20000000000000018,4.8,-1.7999999999999998,0,INCORRECT
401761592,1,2025-08-31,Rice,Louisiana,0,14.0,12.0,True,-9.5,-3.0,-6.0,6.5,-3.5,1,INCORRECT
401754522,1,2025-08-31,Notre Dame,Miami,0,24.0,27.0,True,2.5,1.2600000000000007,2.5,-1.2399999999999993,0.0,0,INCORRECT
401752936,1,2025-08-31,California,Oregon State,0,34.0,15.0,True,2.5,-2.12,0.8799999999999999,-4.62,1.62,0,INCORRECT
401752680,1,2025-08-31,Virginia Tech,South Carolina,1,11.0,24.0,True,-7.5,-1.4199999999999988,-4.419999999999999,6.080000000000001,-3.080000000000001,1,CORRECT
401761594,1,2025-08-31,Eastern Michigan,Texas State,0,27.0,52.0,True,-14.0,-8.2,-11.2,5.800000000000001,-2.8000000000000007,1,CORRECT
401752800,1,2025-08-31,Utah,UCLA,0,43.0,10.0,True,6.5,-4.540000000000001,-1.540000000000001,-11.040000000000001,8.040000000000001,1,INCORRECT
401752805,1,2025-08-31,Colorado State,Washington,0,21.0,38.0,True,-22.5,-5.0,-8.0,17.5,-14.5,1,CORRECT
401754523,1,2025-09-02,TCU,North Carolina,0,48.0,14.0,True,3.5,1.9799999999999995,3.5,-1.5200000000000005,0.0,0,CORRECT
401754528,2,2025-09-05,James Madison,Louisville,0,,,False,-14.25,-5.359999999999999,-8.36,8.89,-5.890000000000001,1,
401752826,2,2025-09-05,Northern Illinois,Maryland,0,,,False,-17.75,-4.9799999999999995,-7.9799999999999995,12.77,-9.77,1,
401752681,2,2025-09-06,UL Monroe,Alabama,0,,,False,-37.5,-6.6,-9.6,30.9,-27.9,1,
401752682,2,2025-09-06,Arkansas State,Arkansas,1,,,False,-23.25,-0.8200000000000003,-3.8200000000000003,22.43,-19.43,1,
401752683,2,2025-09-06,Ball State,Auburn,0,,,False,-42.75,-6.38,-9.379999999999999,36.37,-33.370000000000005,1,
401754527,2,2025-09-06,North Carolina,Charlotte,0,,,False,,-0.8400000000000005,,,,0,
401756880,2,2025-09-06,Bowling Green,Cincinnati,0,,,False,-21.25,-9.719999999999999,-12.719999999999999,11.530000000000001,-8.530000000000001,1,
401754637,2,2025-09-06,Troy,Clemson,0,,,False,-33.5,-8.440000000000001,-11.440000000000001,25.06,-22.06,1,
401752825,2,2025-09-06,Illinois,Duke,0,,,False,2.75,0.17999999999999972,2.75,-2.5700000000000003,0.0,0,
401752684,2,2025-09-06,South Florida,Florida,0,,,False,-17.25,-3.6,-6.6,13.65,-10.65,1,
401761598,2,2025-09-06,Memphis,Georgia State,0,,,False,13.5,-4.039999999999999,-1.0399999999999991,-17.54,14.54,1,
401752812,2,2025-09-06,Kennesaw State,Indiana,0,,,False,-36.0,-6.380000000000001,-9.38,29.619999999999997,-26.619999999999997,1,
401752822,2,2025-09-06,Iowa,Iowa State,0,,,False,-3.0,-4.5200000000000005,-3.0,-1.5200000000000005,0.0,0,
401757227,2,2025-09-06,Liberty,Jacksonville State,0,,,False,6.5,-2.9599999999999995,0.04000000000000048,-9.459999999999999,6.459999999999999,0,
401756882,2,2025-09-06,Army,Kansas State,0,,,False,-17.25,-10.8,-13.8,6.449999999999999,-3.4499999999999993,1,
401752686,2,2025-09-06,Ole Miss,Kentucky,0,,,False,10.25,-2.9200000000000004,0.07999999999999963,-13.17,10.17,0,
401752687,2,2025-09-06,Louisiana Tech,LSU,0,,,False,-37.75,-12.28,-15.28,25.47,-22.47,1,
401752816,2,2025-09-06,Boston College,Michigan State,0,,,False,-4.0,-2.28,-4.0,1.7200000000000002,0.0,0,
401752688,2,2025-09-06,Arizona State,Mississippi State,0,,,False,6.75,-0.5400000000000005,2.4599999999999995,-7.290000000000001,4.290000000000001,0,
401752689,2,2025-09-06,Kansas,Missouri,0,,,False,-6.5,0.7200000000000002,-2.28,7.220000000000001,-4.220000000000001,0,
401754524,2,2025-09-06,Virginia,NC State,0,,,False,-2.75,-4.260000000000001,-2.75,-1.5100000000000007,0.0,0,
401762458,2,2025-09-06,UAB,Navy,0,,,False,-21.5,-2.5200000000000005,-5.5200000000000005,18.98,-15.98,1,
401752810,2,2025-09-06,Akron,Nebraska,0,,,False,-34.25,-4.460000000000001,-7.460000000000001,29.79,-26.79,1,
401756883,2,2025-09-06,West Virginia,Ohio,0,,,False,2.75,-0.5599999999999994,2.4400000000000004,-3.3099999999999996,0.3099999999999996,0,
401752690,2,2025-09-06,Michigan,Oklahoma,0,,,False,-5.5,-1.8200000000000003,-4.82,3.6799999999999997,-0.6799999999999997,0,
401752824,2,2025-09-06,Oklahoma State,Oregon,0,,,False,-28.25,-1.7799999999999998,-4.779999999999999,26.47,-23.47,1,
401752937,2,2025-09-06,Fresno State,Oregon State,0,,,False,-3.25,-4.839999999999999,-3.25,-1.589999999999999,0.0,0,
401752811,2,2025-09-06,Florida International,Penn State,0,,,False,-42.5,-10.84,-13.84,31.66,-28.66,1,
401754529,2,2025-09-06,Central Michigan,Pittsburgh,0,,,False,-21.5,-7.84,-10.84,13.66,-10.66,1,
401756884,2,2025-09-06,Houston,Rice,0,,,False,12.5,1.5200000000000005,4.5200000000000005,-10.98,7.9799999999999995,1,
401752818,2,2025-09-06,Miami (OH),Rutgers,0,,,False,-14.25,-3.88,-6.88,10.370000000000001,-7.37,1,
401754525,2,2025-09-06,Baylor,SMU,0,,,False,-3.0,-0.06000000000000094,-3.0,2.939999999999999,0.0,0,
401761601,2,2025-09-06,Tulane,South Alabama,0,,,False,10.5,-0.04000000000000048,2.9599999999999995,-10.540000000000001,7.540000000000001,0,
401754618,2,2025-09-06,UConn,Syracuse,0,,,False,-6.75,-2.680000000000001,-5.6800000000000015,4.0699999999999985,-1.0699999999999985,1,
401752693,2,2025-09-06,San José State,Texas,0,,,False,-36.75,-6.5600000000000005,-9.56,30.189999999999998,-27.189999999999998,1,
401752694,2,2025-09-06,Utah State,Texas A&M,0,,,False,-29.0,-6.860000000000001,-9.860000000000001,22.14,-19.14,1,
401756885,2,2025-09-06,Kent State,Texas Tech,0,,,False,-48.25,-9.200000000000001,-12.200000000000001,39.05,-36.05,1,
401757232,2,2025-09-06,Western Kentucky,Toledo,0,,,False,-6.75,-4.0200000000000005,-6.75,2.7299999999999995,0.0,0,
401752814,2,2025-09-06,Georgia Southern,USC,0,,,False,-28.25,-3.0400000000000005,-6.040000000000001,25.21,-22.21,1,
401761603,2,2025-09-06,Texas State,UTSA,0,,,False,-4.5,-1.0400000000000005,-4.040000000000001,3.4599999999999995,-0.4599999999999991,0,
401752695,2,2025-09-06,Vanderbilt,Virginia Tech,0,,,False,-1.25,-0.8800000000000012,-1.25,0.3699999999999988,0.0,0,
401762461,2,2025-09-06,North Texas,Western Michigan,0,,,False,9.75,-2.6400000000000006,0.35999999999999943,-12.39,9.39,0,
401752820,2,2025-09-06,Middle Tennessee,Wisconsin,0,,,False,-28.5,-5.38,-8.379999999999999,23.12,-20.12,1,
401754526,2,2025-09-07,Stanford,BYU,0,,,False,-18.0,-4.140000000000001,-7.140000000000001,13.86,-10.86,1,
401757230,2,2025-09-07,Sam Houston,Hawai'i,0,,,False,-7.5,-0.8799999999999997,-3.88,6.62,-3.62,1,
401757229,2,2025-09-07,Tulsa,New Mexico State,0,,,False,3.5,1.06,3.5,-2.44,0.0,0,
401752823,2,2025-09-07,UCLA,UNLV,0,,,False,2.5,1.080000000000001,2.5,-1.419999999999999,0.0,0,
401752948,2,2025-09-07,San Diego State,Washington State,0,,,False,-1.5,0.5,-1.5,2.0,0.0,0,
401754531,3,2025-09-11,NC State,Wake Forest,0,,,False,,1.6,,,,0,
401756893,3,2025-09-12,Colorado,Houston,0,,,False,,-3.460000000000001,,,,0,
401752696,3,2025-09-13,Wisconsin,Alabama,0,,,False,,-3.9800000000000013,,,,0,
401756888,3,2025-09-13,Kansas State,Arizona,0,,,False,,0.3799999999999999,,,,0,
401756890,3,2025-09-13,Iowa State,Arkansas State,0,,,False,,0.4400000000000004,,,,0,
401752697,3,2025-09-13,South Alabama,Auburn,0,,,False,,-5.639999999999999,,,,0,
401757256,3,2025-09-13,Liberty,Bowling Green,0,,,False,,0.7400000000000007,,,,0,
401761604,3,2025-09-13,East Carolina,Coastal Carolina,0,,,False,,-3.8400000000000007,,,,0,
401757233,3,2025-09-13,Florida Atlantic,Florida International,0,,,False,,-1.5599999999999994,,,,0,
401757234,3,2025-09-13,Jacksonville State,Georgia Southern,0,,,False,,-4.24,,,,0,
401754623,3,2025-09-13,Clemson,Georgia Tech,0,,,False,9.0,-0.3999999999999986,2.6000000000000014,-9.399999999999999,6.399999999999999,0,
401752829,3,2025-09-13,Western Michigan,Illinois,0,,,False,,-3.539999999999999,,,,0,
401752830,3,2025-09-13,Massachusetts,Iowa,0,,,False,,-2.2599999999999993,,,,0,
401762817,3,2025-09-13,Buffalo,Kent State,0,,,False,,-0.5,,,,0,
401752698,3,2025-09-13,Eastern Michigan,Kentucky,0,,,False,,-7.460000000000001,,,,0,
401752699,3,2025-09-13,Florida,LSU,0,,,False,-6.0,-4.040000000000001,-6.0,1.959999999999999,0.0,0,
401757257,3,2025-09-13,New Mexico State,Louisiana Tech,0,,,False,,-1.6800000000000004,,,,0,
401754535,3,2025-09-13,South Florida,Miami,0,,,False,,-1.060000000000001,,,,0,
401752839,3,2025-09-13,Central Michigan,Michigan,0,,,False,,-8.74,,,,0,
401752702,3,2025-09-13,Louisiana,Missouri,0,,,False,,-3.1599999999999993,,,,0,
401757258,3,2025-09-13,Middle Tennessee,Nevada,0,,,False,,-3.2400000000000007,,,,0,
401752949,3,2025-09-13,Washington State,North Texas,0,,,False,,-5.5,,,,0,
401752831,3,2025-09-13,Oregon,Northwestern,0,,,False,,-0.4400000000000006,,,,0,
401752707,3,2025-09-13,Texas A&M,Notre Dame,0,,,False,-6.75,-2.4400000000000004,-5.44,4.31,-1.3099999999999996,1,
401752827,3,2025-09-13,Ohio,Ohio State,0,,,False,,-7.44,,,,0,
401752700,3,2025-09-13,Arkansas,Ole Miss,0,,,False,,-1.7200000000000002,,,,0,
401752832,3,2025-09-13,USC,Purdue,0,,,False,,-0.4799999999999982,,,,0,
401752704,3,2025-09-13,Vanderbilt,South Carolina,0,,,False,,-2.3,,,,0,
401761607,3,2025-09-13,App State,Southern Miss,0,,,False,,-3.6599999999999993,,,,0,
401752703,3,2025-09-13,Oklahoma,Temple,0,,,False,,0.5,,,,0,
401752705,3,2025-09-13,Georgia,Tennessee,0,,,False,7.25,2.0600000000000005,5.0600000000000005,-5.1899999999999995,2.1899999999999995,1,
401752706,3,2025-09-13,UTEP,Texas,0,,,False,,-9.180000000000001,,,,0,
401752938,3,2025-09-13,Oregon State,Texas Tech,0,,,False,,-5.000000000000002,,,,0,
401761608,3,2025-09-13,Memphis,Troy,0,,,False,,-2.0200000000000005,,,,0,
401752837,3,2025-09-13,New Mexico,UCLA,0,,,False,,-7.94,,,,0,
401754536,3,2025-09-13,Old Dominion,Virginia Tech,0,,,False,,-4.640000000000001,,,,0,
401754638,3,2025-09-13,Pittsburgh,West Virginia,0,,,False,2.25,-1.1,1.9,-3.35,0.3500000000000001,0,
401756889,3,2025-09-14,Texas State,Arizona State,0,,,False,,-3.839999999999999,,,,0,
401752840,3,2025-09-14,Minnesota,California,0,,,False,,-0.05999999999999939,,,,0,
401754533,3,2025-09-14,Boston College,Stanford,0,,,False,,-0.17999999999999972,,,,0,
401754534,3,2025-09-14,Duke,Tulane,0,,,False,,-2.2,,,,0,
401762465,3,2025-09-14,Navy,Tulsa,0,,,False,,0.0,,,,0,
401762463,3,2025-09-14,Akron,UAB,0,,,False,,-3.62,,,,0,
401760368,3,2025-09-14,Air Force,Utah State,0,,,False,,-3.6799999999999997,,,,0,
401756895,3,2025-09-14,Utah,Wyoming,0,,,False,,-1.7400000000000007,,,,0,
401762468,4,2025-09-18,Rice,Charlotte,0,,,False,,-0.8,,,,0,
401756900,4,2025-09-19,Tulsa,Oklahoma State,0,,,False,,-6.4799999999999995,,,,0,
401760372,4,2025-09-20,Boise State,Air Force,0,,,False,,2.0999999999999996,,,,0,
401762469,4,2025-09-20,North Texas,Army,0,,,False,,2.84,,,,0,
401756896,4,2025-09-20,Arizona State,Baylor,0,,,False,,-2.7,,,,0,
401761613,4,2025-09-20,Troy,Buffalo,0,,,False,,-1.439999999999999,,,,0,
401754537,4,2025-09-20,Syracuse,Clemson,0,,,False,,-6.840000000000001,,,,0,
401756897,4,2025-09-20,Wyoming,Colorado,0,,,False,,-3.6399999999999992,,,,0,
401760373,4,2025-09-20,UTSA,Colorado State,0,,,False,,0.2600000000000007,,,,0,
401754538,4,2025-09-20,NC State,Duke,0,,,False,,2.1400000000000006,,,,0,
401756898,4,2025-09-20,BYU,East Carolina,0,,,False,,1.7400000000000007,,,,0,
401761610,4,2025-09-20,Louisiana,Eastern Michigan,0,,,False,,1.5400000000000005,,,,0,
401754541,4,2025-09-20,Kent State,Florida State,0,,,False,,-6.540000000000001,,,,0,
401754542,4,2025-09-20,Temple,Georgia Tech,0,,,False,,-4.859999999999999,,,,0,
401752843,4,2025-09-20,Illinois,Indiana,0,,,False,-2.5,-0.6600000000000008,-2.5,1.8399999999999992,0.0,0,
401756899,4,2025-09-20,West Virginia,Kansas,0,,,False,,-4.6,,,,0,
401757261,4,2025-09-20,Arkansas State,Kennesaw State,0,,,False,,2.3199999999999994,,,,0,
401757262,4,2025-09-20,James Madison,Liberty,0,,,False,,-1.6400000000000006,,,,0,
401757263,4,2025-09-20,Southern Miss,Louisiana Tech,0,,,False,,1.5799999999999996,,,,0,
401754642,4,2025-09-20,Bowling Green,Louisville,0,,,False,,-8.459999999999999,,,,0,
401752708,4,2025-09-20,Arkansas,Memphis,0,,,False,,0.8799999999999999,,,,0,
401752709,4,2025-09-20,Florida,Miami,0,,,False,-3.25,0.5399999999999991,-2.460000000000001,3.789999999999999,-0.7899999999999991,0,
401760376,4,2025-09-20,UNLV,Miami (OH),0,,,False,,-2.960000000000001,,,,0,
401757264,4,2025-09-20,Marshall,Middle Tennessee,0,,,False,,1.2600000000000007,,,,0,
401752712,4,2025-09-20,Northern Illinois,Mississippi State,0,,,False,,-7.459999999999999,,,,0,
401752713,4,2025-09-20,South Carolina,Missouri,0,,,False,,0.7399999999999993,,,,0,
401752846,4,2025-09-20,Michigan,Nebraska,0,,,False,3.25,-0.2200000000000002,2.78,-3.47,0.4700000000000002,0,
401752848,4,2025-09-20,Purdue,Notre Dame,0,,,False,,-4.520000000000001,,,,0,
401752714,4,2025-09-20,Auburn,Oklahoma,0,,,False,,-3.3400000000000007,,,,0,
401752711,4,2025-09-20,Tulane,Ole Miss,0,,,False,,-3.12,,,,0,
401752841,4,2025-09-20,Oregon State,Oregon,0,,,False,-26.5,-4.68,-7.68,21.82,-18.82,1,
401752844,4,2025-09-20,Iowa,Rutgers,0,,,False,,-3.6,,,,0,
401761611,4,2025-09-20,Coastal Carolina,South Alabama,0,,,False,,0.3999999999999999,,,,0,
401754636,4,2025-09-20,SMU,TCU,0,,,False,,-1.6799999999999997,,,,0,
401752715,4,2025-09-20,UAB,Tennessee,0,,,False,,-2.1,,,,0,
401754640,4,2025-09-20,North Carolina,UCF,0,,,False,,-3.8,,,,0,
401757169,4,2025-09-20,Ball State,UConn,0,,,False,,-4.159999999999999,,,,0,
401752847,4,2025-09-20,Michigan State,USC,0,,,False,,-3.3800000000000012,,,,0,
401756901,4,2025-09-20,Texas Tech,Utah,0,,,False,-3.5,1.8800000000000012,-1.1199999999999988,5.380000000000001,-2.3800000000000012,0,
401752716,4,2025-09-20,Georgia State,Vanderbilt,0,,,False,,-5.159999999999999,,,,0,
401754539,4,2025-09-20,Stanford,Virginia,0,,,False,,-3.4799999999999995,,,,0,
401752842,4,2025-09-20,Washington,Washington State,0,,,False,12.5,4.26,7.26,-8.24,5.24,1,
401757268,4,2025-09-20,Nevada,Western Kentucky,0,,,False,,-0.7599999999999993,,,,0,
401762820,4,2025-09-20,Toledo,Western Michigan,0,,,False,,-1.8400000000000005,,,,0,
401752845,4,2025-09-20,Maryland,Wisconsin,0,,,False,,-3.28,,,,0,
401760374,4,2025-09-21,Fresno State,Hawai'i,0,,,False,,-1.2599999999999993,,,,0,
401754540,4,2025-09-21,California,San Diego State,0,,,False,,-0.24000000000000066,,,,0,
401752723,4,2025-09-21,Sam Houston,Texas,0,,,False,,-8.620000000000001,,,,0,
401757267,4,2025-09-21,UL Monroe,UTEP,0,,,False,,-0.31999999999999895,,,,0,
401762471,5,2025-09-25,Army,East Carolina,0,,,False,,-5.64,,,,0,
401754543,5,2025-09-26,Florida State,Virginia,0,,,False,,-2.6599999999999993,,,,0,
401760378,5,2025-09-27,Hawai'i,Air Force,0,,,False,,-2.6,,,,0,
401756902,5,2025-09-27,TCU,Arizona State,0,,,False,,-3.5599999999999996,,,,0,
401752717,5,2025-09-27,Notre Dame,Arkansas,0,,,False,10.5,1.2800000000000011,4.280000000000001,-9.219999999999999,6.219999999999999,1,
401760379,5,2025-09-27,App State,Boise State,0,,,False,,-6.159999999999999,,,,0,
401754544,5,2025-09-27,California,Boston College,0,,,False,,-3.460000000000001,,,,0,
401757170,5,2025-09-27,UConn,Buffalo,0,,,False,,-0.5200000000000002,,,,0,
401762826,5,2025-09-27,Eastern Michigan,Central Michigan,0,,,False,,-1.8800000000000003,,,,0,
401752950,5,2025-09-27,Washington State,Colorado State,0,,,False,,-5.26,,,,0,
401762472,5,2025-09-27,Memphis,Florida Atlantic,0,,,False,,-0.8200000000000003,,,,0,
401752718,5,2025-09-27,Alabama,Georgia,0,,,False,-4.0,-2.8,-4.0,1.2000000000000002,0.0,0,
401752850,5,2025-09-27,USC,Illinois,0,,,False,,-0.2999999999999985,,,,0,
401752853,5,2025-09-27,Indiana,Iowa,0,,,False,,-1.8599999999999994,,,,0,
401756904,5,2025-09-27,Arizona,Iowa State,0,,,False,,-3.6400000000000006,,,,0,
401761614,5,2025-09-27,Georgia Southern,James Madison,0,,,False,,0.8400000000000007,,,,0,
401756905,5,2025-09-27,Cincinnati,Kansas,0,,,False,,-1.5800000000000012,,,,0,
401756906,5,2025-09-27,UCF,Kansas State,0,,,False,,-4.88,,,,0,
401757270,5,2025-09-27,Middle Tennessee,Kennesaw State,0,,,False,,0.3199999999999994,,,,0,
401761615,5,2025-09-27,Marshall,Louisiana,0,,,False,,-0.2799999999999998,,,,0,
401752849,5,2025-09-27,Rutgers,Minnesota,0,,,False,,-2.4,,,,0,
401752720,5,2025-09-27,Tennessee,Mississippi State,0,,,False,,-4.4799999999999995,,,,0,
401752721,5,2025-09-27,Massachusetts,Missouri,0,,,False,,-3.039999999999999,,,,0,
401754548,5,2025-09-27,Virginia Tech,NC State,0,,,False,,-3.3400000000000007,,,,0,
401762473,5,2025-09-27,Rice,Navy,0,,,False,,-3.9799999999999995,,,,0,
401757274,5,2025-09-27,New Mexico State,New Mexico,0,,,False,,-2.3600000000000003,,,,0,
401761617,5,2025-09-27,South Alabama,North Texas,0,,,False,,-3.7599999999999993,,,,0,
401760380,5,2025-09-27,San Diego State,Northern Illinois,0,,,False,,-0.8999999999999999,,,,0,
401752851,5,2025-09-27,UCLA,Northwestern,0,,,False,,-1.4599999999999995,,,,0,
401762825,5,2025-09-27,Bowling Green,Ohio,0,,,False,,-5.26,,,,0,
401756907,5,2025-09-27,Baylor,Oklahoma State,0,,,False,,-0.2600000000000009,,,,0,
401757271,5,2025-09-27,Liberty,Old Dominion,0,,,False,,-2.5199999999999987,,,,0,
401752719,5,2025-09-27,LSU,Ole Miss,0,,,False,2.25,2.88,2.25,0.6299999999999999,0.0,0,
401752939,5,2025-09-27,Houston,Oregon State,0,,,False,,-0.03999999999999915,,,,0,
401752854,5,2025-09-27,Oregon,Penn State,0,,,False,-6.0,-4.380000000000001,-6.0,1.6199999999999992,0.0,0,
401754547,5,2025-09-27,Louisville,Pittsburgh,0,,,False,,-1.1400000000000006,,,,0,
401752722,5,2025-09-27,Kentucky,South Carolina,0,,,False,,-3.979999999999998,,,,0,
401757269,5,2025-09-27,Jacksonville State,Southern Miss,0,,,False,,-0.8999999999999999,,,,0,
401754549,5,2025-09-27,San José State,Stanford,0,,,False,,-1.9200000000000004,,,,0,
401754545,5,2025-09-27,Duke,Syracuse,0,,,False,,-2.3400000000000007,,,,0,
401752724,5,2025-09-27,Auburn,Texas A&M,0,,,False,,-4.5600000000000005,,,,0,
401762824,5,2025-09-27,Akron,Toledo,0,,,False,,-3.6400000000000006,,,,0,
401762474,5,2025-09-27,Tulane,Tulsa,0,,,False,,-1.1,,,,0,
401761616,5,2025-09-27,Arkansas State,UL Monroe,0,,,False,,-0.7600000000000009,,,,0,
401752725,5,2025-09-27,Utah State,Vanderbilt,0,,,False,,-6.339999999999999,,,,0,
401754546,5,2025-09-27,Georgia Tech,Wake Forest,0,,,False,,1.0399999999999991,,,,0,
401752852,5,2025-09-27,Ohio State,Washington,0,,,False,13.5,0.8400000000000007,3.8400000000000007,-12.66,9.66,1,
401756908,5,2025-09-27,Utah,West Virginia,0,,,False,,-3.6,,,,0,
401756903,5,2025-09-28,BYU,Colorado,0,,,False,,-0.8399999999999992,,,,0,
401757272,5,2025-09-28,Louisiana Tech,UTEP,0,,,False,,-3.939999999999999,,,,0,
401757275,6,2025-10-03,Sam Houston,New Mexico State,0,,,False,,0.1800000000000006,,,,0,
401762475,6,2025-10-03,Charlotte,South Florida,0,,,False,,-6.4399999999999995,,,,0,
401762829,6,2025-10-04,Central Michigan,Akron,0,,,False,,-4.499999999999999,,,,0,
401752726,6,2025-10-04,Vanderbilt,Alabama,0,,,False,-24.0,-2.2200000000000015,-5.2200000000000015,21.779999999999998,-18.779999999999998,1,
401752940,6,2025-10-04,Oregon State,App State,0,,,False,,1.0399999999999991,,,,0,
401756910,6,2025-10-04,Oklahoma State,Arizona,0,,,False,,0.20000000000000018,,,,0,
401761620,6,2025-10-04,Texas State,Arkansas State,0,,,False,,0.20000000000000018,,,,0,
401756909,6,2025-10-04,West Virginia,BYU,0,,,False,,-2.9400000000000004,,,,0,
401762830,6,2025-10-04,Ohio,Ball State,0,,,False,,0.6599999999999993,,,,0,
401756911,6,2025-10-04,Kansas State,Baylor,0,,,False,,-3.5599999999999996,,,,0,
401762831,6,2025-10-04,Eastern Michigan,Buffalo,0,,,False,,-3.4,,,,0,
401754551,6,2025-10-04,Duke,California,0,,,False,,-2.7599999999999993,,,,0,
401756912,6,2025-10-04,Iowa State,Cincinnati,0,,,False,,-3.3999999999999986,,,,0,
401752727,6,2025-10-04,Texas,Florida,0,,,False,6.5,-1.1199999999999988,1.8800000000000012,-7.619999999999999,4.619999999999999,0,
401754553,6,2025-10-04,Miami,Florida State,0,,,False,5.75,-1.6,1.4,-7.35,4.35,0,
401752728,6,2025-10-04,Kentucky,Georgia,0,,,False,,-4.7,,,,0,
401761618,6,2025-10-04,James Madison,Georgia State,0,,,False,,-2.7599999999999993,,,,0,
401756913,6,2025-10-04,Texas Tech,Houston,0,,,False,,-0.9599999999999995,,,,0,
401754554,6,2025-10-04,Virginia,Louisville,0,,,False,,-3.4799999999999995,,,,0,
401752857,6,2025-10-04,Washington,Maryland,0,,,False,,-0.12000000000000033,,,,0,
401762832,6,2025-10-04,Western Michigan,Massachusetts,0,,,False,,-1.8,,,,0,
401762478,6,2025-10-04,Tulsa,Memphis,0,,,False,,-1.4200000000000004,,,,0,
401752856,6,2025-10-04,Wisconsin,Michigan,0,,,False,,-3.2400000000000007,,,,0,
401760381,6,2025-10-04,Air Force,Navy,0,,,False,,-5.4,,,,0,
401752860,6,2025-10-04,Michigan State,Nebraska,0,,,False,,-1.1200000000000003,,,,0,
401754552,6,2025-10-04,Clemson,North Carolina,0,,,False,13.5,3.9000000000000012,6.900000000000001,-9.599999999999998,6.599999999999999,1,
401762873,6,2025-10-04,Miami (OH),Northern Illinois,0,,,False,,0.5200000000000005,,,,0,
401752858,6,2025-10-04,UL Monroe,Northwestern,0,,,False,,-4.459999999999999,,,,0,
401757165,6,2025-10-04,Boise State,Notre Dame,0,,,False,-16.25,-4.880000000000001,-7.880000000000001,11.37,-8.37,1,
401752859,6,2025-10-04,Minnesota,Ohio State,0,,,False,,-4.9,,,,0,
401752729,6,2025-10-04,Kent State,Oklahoma,0,,,False,,-8.540000000000001,,,,0,
401761619,6,2025-10-04,Coastal Carolina,Old Dominion,0,,,False,,-1.519999999999999,,,,0,
401754550,6,2025-10-04,Boston College,Pittsburgh,0,,,False,,-2.28,,,,0,
401752861,6,2025-10-04,Illinois,Purdue,0,,,False,,-2.1799999999999997,,,,0,
401762477,6,2025-10-04,Florida Atlantic,Rice,0,,,False,,-3.78,,,,0,
401754555,6,2025-10-04,Syracuse,SMU,0,,,False,,-5.239999999999999,,,,0,
401760382,6,2025-10-04,Colorado State,San Diego State,0,,,False,,-1.2400000000000007,,,,0,
401760384,6,2025-10-04,New Mexico,San José State,0,,,False,,-5.88,,,,0,
401756914,6,2025-10-04,Colorado,TCU,0,,,False,,-3.88,,,,0,
401762479,6,2025-10-04,UTSA,Temple,0,,,False,,-0.7,,,,0,
401752730,6,2025-10-04,Mississippi State,Texas A&M,0,,,False,,-3.080000000000001,,,,0,
401761621,6,2025-10-04,South Alabama,Troy,0,,,False,,-2.5,,,,0,
401762476,6,2025-10-04,Army,UAB,0,,,False,,-7.619999999999999,,,,0,
401756915,6,2025-10-04,Kansas,UCF,0,,,False,,1.12,,,,0,
401752855,6,2025-10-04,Penn State,UCLA,0,,,False,,1.4,,,,0,
401757171,6,2025-10-04,Florida International,UConn,0,,,False,,-4.56,,,,0,
401754556,6,2025-10-04,Wake Forest,Virginia Tech,0,,,False,,-4.26,,,,0,
401760385,6,2025-10-04,UNLV,Wyoming,0,,,False,,-2.280000000000001,,,,0,
401760383,6,2025-10-05,Nevada,Fresno State,0,,,False,,-0.02000000000000024,,,,0,
401761622,7,2025-10-09,Southern Miss,Georgia Southern,0,,,False,,-5.340000000000001,,,,0,
401757280,7,2025-10-09,Louisiana Tech,Kennesaw State,0,,,False,,-2.54,,,,0,
401762480,7,2025-10-09,East Carolina,Tulane,0,,,False,,-3.4,,,,0,
401757277,7,2025-10-09,Liberty,UTEP,0,,,False,,-0.21999999999999886,,,,0,
401762481,7,2025-10-10,South Florida,North Texas,0,,,False,,0.5599999999999996,,,,0,
401757279,7,2025-10-10,Jacksonville State,Sam Houston,1,,,False,,2.1799999999999997,,,,0,
401762833,7,2025-10-11,Miami (OH),Akron,0,,,False,,-0.7399999999999991,,,,0,
401756916,7,2025-10-11,BYU,Arizona,0,,,False,,-1.0399999999999991,,,,0,
401762483,7,2025-10-11,Charlotte,Army,0,,,False,,0.96,,,,0,
401752731,7,2025-10-11,Georgia,Auburn,0,,,False,6.5,1.060000000000001,4.0600000000000005,-5.4399999999999995,2.4399999999999995,1,
401760387,7,2025-10-11,New Mexico,Boise State,0,,,False,,-7.4,,,,0,
401754558,7,2025-10-11,Clemson,Boston College,0,,,False,,0.9600000000000009,,,,0,
401762835,7,2025-10-11,Toledo,Bowling Green,0,,,False,,1.9,,,,0,
401756917,7,2025-10-11,UCF,Cincinnati,0,,,False,,-5.539999999999999,,,,0,
401761623,7,2025-10-11,UL Monroe,Coastal Carolina,0,,,False,,-3.1,,,,0,
401756918,7,2025-10-11,Iowa State,Colorado,0,,,False,,-0.15999999999999948,,,,0,
401760388,7,2025-10-11,Fresno State,Colorado State,0,,,False,,-3.719999999999999,,,,0,
401762836,7,2025-10-11,Northern Illinois,Eastern Michigan,0,,,False,,-0.8799999999999997,,,,0,
401762482,7,2025-10-11,UAB,Florida Atlantic,0,,,False,,1.2399999999999993,,,,0,
401754559,7,2025-10-11,Pittsburgh,Florida State,0,,,False,,-0.7200000000000002,,,,0,
401761624,7,2025-10-11,App State,Georgia State,0,,,False,,-4.919999999999999,,,,0,
401754560,7,2025-10-11,Virginia Tech,Georgia Tech,0,,,False,,-2.78,,,,0,
401752865,7,2025-10-11,Ohio State,Illinois,0,,,False,13.5,1.4200000000000004,4.42,-12.08,9.08,1,
401761625,7,2025-10-11,Louisiana,James Madison,0,,,False,,-1.6799999999999997,,,,0,
401756919,7,2025-10-11,TCU,Kansas State,0,,,False,,-2.7,,,,0,
401762837,7,2025-10-11,Massachusetts,Kent State,0,,,False,,1.7600000000000007,,,,0,
401752732,7,2025-10-11,South Carolina,LSU,0,,,False,,-3.9800000000000013,,,,0,
401761626,7,2025-10-11,Old Dominion,Marshall,0,,,False,,-3.8800000000000012,,,,0,
401752867,7,2025-10-11,Nebraska,Maryland,0,,,False,,-1.2599999999999993,,,,0,
401752863,7,2025-10-11,UCLA,Michigan State,0,,,False,,-1.9599999999999995,,,,0,
401752864,7,2025-10-11,Purdue,Minnesota,0,,,False,,-2.3400000000000007,,,,0,
401752734,7,2025-10-11,Alabama,Missouri,0,,,False,,0.660000000000001,,,,0,
401754562,7,2025-10-11,NC State,Notre Dame,0,,,False,,-2.7400000000000007,,,,0,
401756920,7,2025-10-11,Houston,Oklahoma State,0,,,False,,-2.939999999999999,,,,0,
401752733,7,2025-10-11,Washington State,Ole Miss,0,,,False,,-6.82,,,,0,
401752870,7,2025-10-11,Indiana,Oregon,0,,,False,-14.0,-4.719999999999999,-7.719999999999999,9.280000000000001,-6.280000000000001,1,
401754563,7,2025-10-11,Wake Forest,Oregon State,0,,,False,,-2.339999999999999,,,,0,
401752866,7,2025-10-11,Northwestern,Penn State,0,,,False,,-5.94,,,,0,
401754561,7,2025-10-11,Stanford,SMU,0,,,False,,-5.18,,,,0,
401762484,7,2025-10-11,Navy,Temple,0,,,False,,-1.4200000000000004,,,,0,
401752735,7,2025-10-11,Arkansas,Tennessee,0,,,False,,-1.2799999999999998,,,,0,
401752736,7,2025-10-11,Oklahoma,Texas,1,,,False,-9.5,-1.8200000000000003,-4.82,7.68,-4.68,1,
401752737,7,2025-10-11,Florida,Texas A&M,0,,,False,,-2.280000000000001,,,,0,
401761627,7,2025-10-11,Troy,Texas State,0,,,False,,-6.239999999999999,,,,0,
401756921,7,2025-10-11,Kansas,Texas Tech,0,,,False,,-1.680000000000001,,,,0,
401760386,7,2025-10-11,Air Force,UNLV,0,,,False,,-3.5599999999999996,,,,0,
401752868,7,2025-10-11,Michigan,USC,0,,,False,1.5,-2.4800000000000013,0.5199999999999987,-3.9800000000000013,0.9800000000000013,0,
401762485,7,2025-10-11,Rice,UTSA,0,,,False,,-4.7,,,,0,
401756922,7,2025-10-11,Arizona State,Utah,0,,,False,-2.5,2.8199999999999985,-0.1800000000000015,5.3199999999999985,-2.3199999999999985,0,
401752862,7,2025-10-11,Rutgers,Washington,0,,,False,,-2.4599999999999995,,,,0,
401762834,7,2025-10-11,Ball State,Western Michigan,0,,,False,,-5.140000000000001,,,,0,
401752869,7,2025-10-11,Iowa,Wisconsin,0,,,False,,-3.4599999999999995,,,,0,
401760391,7,2025-10-11,San José State,Wyoming,0,,,False,,-1.260000000000001,,,,0,
401760389,7,2025-10-12,Utah State,Hawai'i,0,,,False,,0.2799999999999998,,,,0,
401760390,7,2025-10-12,San Diego State,Nevada,0,,,False,,-3.0200000000000005,,,,0,
401757282,8,2025-10-14,New Mexico State,Liberty,0,,,False,,-5.4,,,,0,
401761628,8,2025-10-14,Arkansas State,South Alabama,0,,,False,,0.5399999999999991,,,,0,
401757284,8,2025-10-15,UTEP,Sam Houston,1,,,False,,-0.5600000000000008,,,,0,
401757281,8,2025-10-15,Florida International,Western Kentucky,0,,,False,,-3.6799999999999997,,,,0,
401762486,8,2025-10-16,Tulsa,East Carolina,0,,,False,,-1.5,,,,0,
401754564,8,2025-10-17,Louisville,Miami,0,,,False,-6.5,-0.2600000000000009,-3.2600000000000007,6.239999999999999,-3.2399999999999993,1,
401760392,8,2025-10-18,Wyoming,Air Force,0,,,False,,-0.15999999999999948,,,,0,
401752738,8,2025-10-18,Tennessee,Alabama,0,,,False,-12.0,-5.260000000000001,-8.260000000000002,6.739999999999999,-3.7399999999999984,1,
401761629,8,2025-10-18,Coastal Carolina,App State,0,,,False,,0.7999999999999998,,,,0,
401756923,8,2025-10-18,Texas Tech,Arizona State,0,,,False,-4.0,-2.9399999999999977,-4.0,1.0600000000000023,0.0,0,
401752739,8,2025-10-18,Texas A&M,Arkansas,0,,,False,,0.8400000000000007,,,,0,
401752740,8,2025-10-18,Missouri,Auburn,0,,,False,,-2.4,,,,0,
401756924,8,2025-10-18,Utah,BYU,0,,,False,,-4.540000000000001,,,,0,
401762838,8,2025-10-18,Akron,Ball State,0,,,False,,-0.3400000000000005,,,,0,
401760393,8,2025-10-18,UNLV,Boise State,0,,,False,,-4.540000000000001,,,,0,
401754569,8,2025-10-18,UConn,Boston College,0,,,False,,-4.5600000000000005,,,,0,
401762839,8,2025-10-18,Central Michigan,Bowling Green,0,,,False,,-2.2399999999999998,,,,0,
401754371,8,2025-10-18,North Carolina,California,0,,,False,,-3.4799999999999995,,,,0,
401762489,8,2025-10-18,Temple,Charlotte,0,,,False,,0.6000000000000001,,,,0,
401754565,8,2025-10-18,SMU,Clemson,0,,,False,-11.5,-3.6000000000000014,-6.600000000000001,7.899999999999999,-4.899999999999999,1,
401760394,8,2025-10-18,Hawai'i,Colorado State,0,,,False,,-4.459999999999999,,,,0,
401754566,8,2025-10-18,Georgia Tech,Duke,0,,,False,,1.5799999999999996,,,,0,
401752741,8,2025-10-18,Mississippi State,Florida,0,,,False,,-2.8,,,,0,
401752742,8,2025-10-18,Ole Miss,Georgia,0,,,False,-10.5,-5.62,-8.620000000000001,4.88,-1.879999999999999,1,
401761630,8,2025-10-18,Georgia State,Georgia Southern,0,,,False,,-4.080000000000001,,,,0,
401756925,8,2025-10-18,Arizona,Houston,0,,,False,,-3.2600000000000007,,,,0,
401752878,8,2025-10-18,Michigan State,Indiana,0,,,False,,-0.3400000000000005,,,,0,
401752875,8,2025-10-18,Penn State,Iowa,0,,,False,10.5,3.24,6.24,-7.26,4.26,1,
401761631,8,2025-10-18,Old Dominion,James Madison,0,,,False,,-1.8400000000000005,,,,0,
401752743,8,2025-10-18,Texas,Kentucky,0,,,False,,0.7999999999999998,,,,0,
401761668,8,2025-10-18,Southern Miss,Louisiana,0,,,False,,-2.8200000000000003,,,,0,
401761632,8,2025-10-18,Texas State,Marshall,0,,,False,,-1.060000000000001,,,,0,
401762840,8,2025-10-18,Buffalo,Massachusetts,0,,,False,,-4.260000000000001,,,,0,
401762841,8,2025-10-18,Eastern Michigan,Miami (OH),0,,,False,,-5.640000000000001,,,,0,
401752873,8,2025-10-18,Washington,Michigan,0,,,False,-10.5,-2.6400000000000006,-5.640000000000001,7.859999999999999,-4.859999999999999,1,
401752872,8,2025-10-18,Nebraska,Minnesota,0,,,False,,-3.0799999999999996,,,,0,
401760395,8,2025-10-18,Nevada,New Mexico,0,,,False,,1.4200000000000004,,,,0,
401762491,8,2025-10-18,UTSA,North Texas,0,,,False,,0.020000000000000462,,,,0,
401752874,8,2025-10-18,Purdue,Northwestern,0,,,False,,-1.6400000000000006,,,,0,
401752871,8,2025-10-18,USC,Notre Dame,0,,,False,-10.5,-3.0,-6.0,7.5,-4.5,1,
401762843,8,2025-10-18,Northern Illinois,Ohio,0,,,False,,-4.26,,,,0,
401756926,8,2025-10-18,Cincinnati,Oklahoma State,0,,,False,,-1.1600000000000008,,,,0,
401752876,8,2025-10-18,Oregon,Rutgers,0,,,False,,-0.7400000000000007,,,,0,
401752744,8,2025-10-18,Oklahoma,South Carolina,0,,,False,,-2.9999999999999987,,,,0,
401762490,8,2025-10-18,Florida Atlantic,South Florida,0,,,False,,-7.019999999999999,,,,0,
401754568,8,2025-10-18,Pittsburgh,Syracuse,0,,,False,,0.15999999999999925,,,,0,
401756927,8,2025-10-18,Baylor,TCU,0,,,False,,0.25999999999999934,,,,0,
401762842,8,2025-10-18,Kent State,Toledo,0,,,False,,-6.12,,,,0,
401762488,8,2025-10-18,Army,Tulane,0,,,False,,-7.04,,,,0,
401762487,8,2025-10-18,Memphis,UAB,0,,,False,,-4.06,,,,0,
401756928,8,2025-10-18,West Virginia,UCF,0,,,False,,-1.4799999999999998,,,,0,
401752879,8,2025-10-18,Maryland,UCLA,0,,,False,,-3.660000000000001,,,,0,
401761633,8,2025-10-18,Troy,UL Monroe,0,,,False,,-2.8,,,,0,
401760396,8,2025-10-18,San José State,Utah State,0,,,False,,-1.1,,,,0,
401752745,8,2025-10-18,LSU,Vanderbilt,0,,,False,,0.28000000000000114,,,,0,
401752951,8,2025-10-18,Washington State,Virginia,0,,,False,,-7.38,,,,0,
401752877,8,2025-10-18,Ohio State,Wisconsin,0,,,False,,1.4400000000000004,,,,0,
401754567,8,2025-10-19,Florida State,Stanford,0,,,False,,-1.1799999999999997,,,,0,
401757285,9,2025-10-21,Kennesaw State,Florida International,0,,,False,,-2.6399999999999997,,,,0,
401757286,9,2025-10-21,Western Kentucky,Louisiana Tech,0,,,False,,0.8599999999999994,,,,0,
401761634,9,2025-10-23,South Alabama,Georgia State,0,,,False,,-4.519999999999999,,,,0,
401762492,9,2025-10-24,North Texas,Charlotte,0,,,False,,-0.12000000000000033,,,,0,
401754372,9,2025-10-24,California,Virginia Tech,0,,,False,,-4.040000000000001,,,,0,
401756929,9,2025-10-25,Houston,Arizona State,0,,,False,,-3.979999999999998,,,,0,
401752746,9,2025-10-25,Auburn,Arkansas,0,,,False,,-1.7200000000000002,,,,0,
401761636,9,2025-10-25,Georgia Southern,Arkansas State,0,,,False,,0.06000000000000094,,,,0,
401762844,9,2025-10-25,Akron,Buffalo,0,,,False,,-1.0200000000000002,,,,0,
401762847,9,2025-10-25,Massachusetts,Central Michigan,0,,,False,,1.7800000000000002,,,,0,
401756930,9,2025-10-25,Baylor,Cincinnati,0,,,False,,-1.1,,,,0,
401762848,9,2025-10-25,Ohio,Eastern Michigan,0,,,False,,1.38,,,,0,
401760399,9,2025-10-25,San Diego State,Fresno State,0,,,False,,-1.0400000000000005,,,,0,
401754571,9,2025-10-25,Syracuse,Georgia Tech,0,,,False,,-5.239999999999999,,,,0,
401752885,9,2025-10-25,UCLA,Indiana,0,,,False,,-0.30000000000000004,,,,0,
401752882,9,2025-10-25,Minnesota,Iowa,0,,,False,,0.0,,,,0,
401756931,9,2025-10-25,BYU,Iowa State,0,,,False,,-2.6799999999999997,,,,0,
401756932,9,2025-10-25,Kansas State,Kansas,0,,,False,4.0,-2.2400000000000007,0.7599999999999993,-6.24,3.2400000000000007,0,
401762846,9,2025-10-25,Bowling Green,Kent State,0,,,False,,-1.7799999999999998,,,,0,
401752747,9,2025-10-25,Tennessee,Kentucky,0,,,False,,-3.3600000000000008,,,,0,
401752748,9,2025-10-25,Texas A&M,LSU,0,,,False,-5.5,-3.7599999999999993,-5.5,1.7400000000000007,0.0,0,
401754570,9,2025-10-25,Boston College,Louisville,0,,,False,,-3.1399999999999992,,,,0,
401762494,9,2025-10-25,South Florida,Memphis,0,,,False,,1.839999999999999,,,,0,
401754572,9,2025-10-25,Stanford,Miami,0,,,False,,-3.22,,,,0,
401762874,9,2025-10-25,Western Michigan,Miami (OH),0,,,False,,-1.7799999999999998,,,,0,
401752881,9,2025-10-25,Michigan,Michigan State,0,,,False,8.25,-1.1,1.9,-9.35,6.35,0,
401752749,9,2025-10-25,Texas,Mississippi State,0,,,False,,-0.31999999999999895,,,,0,
401762493,9,2025-10-25,Florida Atlantic,Navy,0,,,False,,-5.76,,,,0,
401752883,9,2025-10-25,Northwestern,Nebraska,0,,,False,,-1.6200000000000003,,,,0,
401760397,9,2025-10-25,Boise State,Nevada,0,,,False,,-0.02000000000000024,,,,0,
401760400,9,2025-10-25,Utah State,New Mexico,0,,,False,,0.9799999999999995,,,,0,
401754573,9,2025-10-25,Virginia,North Carolina,0,,,False,,0.6000000000000001,,,,0,
401762845,9,2025-10-25,Ball State,Northern Illinois,0,,,False,,-2.4,,,,0,
401752750,9,2025-10-25,Ole Miss,Oklahoma,0,,,False,,-3.9,,,,0,
401761635,9,2025-10-25,App State,Old Dominion,0,,,False,,-4.3199999999999985,,,,0,
401752886,9,2025-10-25,Wisconsin,Oregon,0,,,False,,-3.4,,,,0,
401754574,9,2025-10-25,NC State,Pittsburgh,0,,,False,,-0.35999999999999943,,,,0,
401752884,9,2025-10-25,Rutgers,Purdue,0,,,False,,-2.0599999999999996,,,,0,
401757172,9,2025-10-25,UConn,Rice,0,,,False,,-1.6600000000000008,,,,0,
401752751,9,2025-10-25,Alabama,South Carolina,0,,,False,7.5,-2.0799999999999983,0.9200000000000017,-9.579999999999998,6.579999999999998,0,
401761637,9,2025-10-25,UL Monroe,Southern Miss,0,,,False,,-1.9599999999999995,,,,0,
401756933,9,2025-10-25,Oklahoma State,Texas Tech,0,,,False,,-2.1000000000000014,,,,0,
401761638,9,2025-10-25,Louisiana,Troy,0,,,False,,-0.4200000000000004,,,,0,
401762495,9,2025-10-25,Temple,Tulsa,0,,,False,,-0.5799999999999996,,,,0,
401756934,9,2025-10-25,Colorado,Utah,0,,,False,-8.5,-0.6200000000000003,-3.62,7.88,-4.88,1,
401752752,9,2025-10-25,Missouri,Vanderbilt,0,,,False,,-4.4399999999999995,,,,0,
401752942,9,2025-10-25,SMU,Wake Forest,0,,,False,,1.0399999999999991,,,,0,
401752880,9,2025-10-25,Illinois,Washington,0,,,False,,-2.5799999999999996,,,,0,
401752952,9,2025-10-25,Toledo,Washington State,0,,,False,,2.3,,,,0,
401756935,9,2025-10-25,TCU,West Virginia,0,,,False,,-0.3400000000000005,,,,0,
401760398,9,2025-10-25,Colorado State,Wyoming,0,,,False,,-1.980000000000001,,,,0,
401757289,10,2025-10-29,UTEP,Kennesaw State,0,,,False,,-0.6000000000000008,,,,0,
401757292,10,2025-10-29,Jacksonville State,Middle Tennessee,0,,,False,,-0.17999999999999972,,,,0,
401761639,10,2025-10-29,James Madison,Texas State,0,,,False,,-4.9799999999999995,,,,0,
401761640,10,2025-10-30,Marshall,Coastal Carolina,0,,,False,,-0.6000000000000001,,,,0,
401762443,10,2025-10-30,Tulane,UTSA,0,,,False,,-3.8200000000000003,,,,0,
401762497,10,2025-10-31,Memphis,Rice,0,,,False,,-2.6,,,,0,
401754575,10,2025-10-31,North Carolina,Syracuse,0,,,False,,-3.060000000000001,,,,0,
401760401,10,2025-11-01,Army,Air Force,0,,,False,,-4.74,,,,0,
401752753,10,2025-11-01,Mississippi State,Arkansas,0,,,False,,-0.24000000000000066,,,,0,
401752754,10,2025-11-01,Kentucky,Auburn,0,,,False,,-1.6399999999999992,,,,0,
401756936,10,2025-11-01,UCF,Baylor,0,,,False,,-6.4399999999999995,,,,0,
401760402,10,2025-11-01,Fresno State,Boise State,0,,,False,,-5.959999999999999,,,,0,
401754583,10,2025-11-01,Notre Dame,Boston College,0,,,False,,0.660000000000001,,,,0,
401762849,10,2025-11-01,Buffalo,Bowling Green,0,,,False,,-0.7200000000000002,,,,0,
401754576,10,2025-11-01,Virginia,California,0,,,False,,-0.8799999999999997,,,,0,
401754577,10,2025-11-01,Duke,Clemson,0,,,False,,-7.1800000000000015,,,,0,
401756937,10,2025-11-01,Arizona,Colorado,0,,,False,,-1.8,,,,0,
401752755,10,2025-11-01,Georgia,Florida,1,,,False,7.25,0.7800000000000011,3.780000000000001,-6.469999999999999,3.469999999999999,1,
401754578,10,2025-11-01,Wake Forest,Florida State,0,,,False,,-2.6799999999999997,,,,0,
401756938,10,2025-11-01,West Virginia,Houston,0,,,False,,-3.2400000000000007,,,,0,
401752891,10,2025-11-01,Rutgers,Illinois,0,,,False,,-1.8799999999999997,,,,0,
401756939,10,2025-11-01,Arizona State,Iowa State,0,,,False,,-0.40000000000000147,,,,0,
401756940,10,2025-11-01,Oklahoma State,Kansas,0,,,False,,-2.4200000000000004,,,,0,
401756941,10,2025-11-01,Texas Tech,Kansas State,0,,,False,-4.25,-2.0799999999999983,-4.25,2.1700000000000017,0.0,0,
401757290,10,2025-11-01,Sam Houston,Louisiana Tech,0,,,False,,0.5,,,,0,
401752887,10,2025-11-01,Indiana,Maryland,0,,,False,,-2.039999999999999,,,,0,
401752890,10,2025-11-01,Purdue,Michigan,0,,,False,,-3.0400000000000005,,,,0,
401752888,10,2025-11-01,Michigan State,Minnesota,0,,,False,,-2.2,,,,0,
401754579,10,2025-11-01,Georgia Tech,NC State,0,,,False,,-2.560000000000001,,,,0,
401752892,10,2025-11-01,USC,Nebraska,0,,,False,,0.2600000000000007,,,,0,
401762499,10,2025-11-01,Navy,North Texas,0,,,False,,-0.7,,,,0,
401752889,10,2025-11-01,Penn State,Ohio State,0,,,False,-4.0,-1.6599999999999995,-4.0,2.3400000000000007,0.0,0,
401752756,10,2025-11-01,South Carolina,Ole Miss,0,,,False,,0.8999999999999986,,,,0,
401752943,10,2025-11-01,Washington State,Oregon State,0,,,False,,-6.38,,,,0,
401754581,10,2025-11-01,Miami,SMU,0,,,False,1.5,-3.9599999999999995,-0.9599999999999995,-5.459999999999999,2.4599999999999995,1,
401760405,10,2025-11-01,Wyoming,San Diego State,0,,,False,,-1.2599999999999993,,,,0,
401761642,10,2025-11-01,Louisiana,South Alabama,0,,,False,,0.07999999999999963,,,,0,
401754582,10,2025-11-01,Pittsburgh,Stanford,0,,,False,,0.10000000000000009,,,,0,
401762498,10,2025-11-01,East Carolina,Temple,0,,,False,,-3.9200000000000004,,,,0,
401752757,10,2025-11-01,Oklahoma,Tennessee,0,,,False,,0.34000000000000075,,,,0,
401752758,10,2025-11-01,Vanderbilt,Texas,0,,,False,,-3.120000000000002,,,,0,
401761643,10,2025-11-01,Arkansas State,Troy,0,,,False,,0.03999999999999915,,,,0,
401757173,10,2025-11-01,UAB,UConn,0,,,False,,-0.8799999999999997,,,,0,
401761641,10,2025-11-01,Old Dominion,UL Monroe,0,,,False,,-1.3800000000000012,,,,0,
401760404,10,2025-11-01,New Mexico,UNLV,0,,,False,,-4.859999999999999,,,,0,
401756942,10,2025-11-01,Cincinnati,Utah,0,,,False,,2.619999999999999,,,,0,
401754580,10,2025-11-01,Louisville,Virginia Tech,0,,,False,,-1.4400000000000006,,,,0,
401757294,10,2025-11-01,New Mexico State,Western Kentucky,0,,,False,,-4.54,,,,0,
401762850,10,2025-11-01,Central Michigan,Western Michigan,0,,,False,,-5.98,,,,0,
401760403,10,2025-11-02,Hawai'i,San José State,0,,,False,,-5.18,,,,0,
401762851,11,2025-11-05,Massachusetts,Akron,0,,,False,,-0.7199999999999989,,,,0,
401762853,11,2025-11-05,Kent State,Ball State,0,,,False,,-2.8200000000000003,,,,0,
401762852,11,2025-11-05,Miami (OH),Ohio,0,,,False,,-1.739999999999999,,,,0,
401762854,11,2025-11-05,Northern Illinois,Toledo,0,,,False,,-4.9,,,,0,
401761644,11,2025-11-07,Georgia Southern,App State,0,,,False,,3.0,,,,0,
401762500,11,2025-11-07,UTSA,South Florida,0,,,False,,-2.539999999999999,,,,0,
401756946,11,2025-11-07,Houston,UCF,0,,,False,,-0.2399999999999991,,,,0,
401752759,11,2025-11-08,LSU,Alabama,0,,,False,-5.75,0.05999999999999961,-2.9400000000000004,5.81,-2.8099999999999996,0,
401756943,11,2025-11-08,Kansas,Arizona,0,,,False,,0.6200000000000001,,,,0,
401761647,11,2025-11-08,Southern Miss,Arkansas State,0,,,False,,-3.28,,,,0,
401762503,11,2025-11-08,Temple,Army,0,,,False,,3.5600000000000005,,,,0,
401754584,11,2025-11-08,SMU,Boston College,0,,,False,,-0.6400000000000006,,,,0,
401754586,11,2025-11-08,Florida State,Clemson,0,,,False,-16.75,-5.960000000000001,-8.96,10.79,-7.789999999999999,1,
401761645,11,2025-11-08,Georgia State,Coastal Carolina,0,,,False,,-1.8800000000000012,,,,0,
401760407,11,2025-11-08,UNLV,Colorado State,0,,,False,,-2.3,,,,0,
401762504,11,2025-11-08,Charlotte,East Carolina,0,,,False,,-2.6799999999999997,,,,0,
401762855,11,2025-11-08,Bowling Green,Eastern Michigan,0,,,False,,-1.8799999999999997,,,,0,
401762505,11,2025-11-08,Tulsa,Florida Atlantic,0,,,False,,-0.24000000000000066,,,,0,
401752898,11,2025-11-08,Oregon,Iowa,0,,,False,,0.8599999999999994,,,,0,
401752760,11,2025-11-08,Florida,Kentucky,0,,,False,,-0.08000000000000118,,,,0,
401761648,11,2025-11-08,Texas State,Louisiana,0,,,False,,0.6599999999999993,,,,0,
401754585,11,2025-11-08,California,Louisville,0,,,False,,-4.6,,,,0,
401761646,11,2025-11-08,James Madison,Marshall,0,,,False,,-4.040000000000001,,,,0,
401762501,11,2025-11-08,Tulane,Memphis,0,,,False,,-0.5200000000000002,,,,0,
401754587,11,2025-11-08,Syracuse,Miami,0,,,False,,-3.28,,,,0,
401757296,11,2025-11-08,Florida International,Middle Tennessee,0,,,False,,-3.6799999999999997,,,,0,
401752762,11,2025-11-08,Georgia,Mississippi State,0,,,False,,-0.4199999999999988,,,,0,
401752763,11,2025-11-08,Texas A&M,Missouri,0,,,False,,0.9600000000000009,,,,0,
401757298,11,2025-11-08,Kennesaw State,New Mexico State,0,,,False,,-1.7799999999999998,,,,0,
401754588,11,2025-11-08,Stanford,North Carolina,0,,,False,,-0.8799999999999997,,,,0,
401752893,11,2025-11-08,Indiana,Penn State,0,,,False,-16.0,-7.1,-10.1,8.9,-5.9,1,
401752897,11,2025-11-08,Ohio State,Purdue,0,,,False,,1.2400000000000007,,,,0,
401762502,11,2025-11-08,UAB,Rice,0,,,False,,-0.5400000000000005,,,,0,
401752894,11,2025-11-08,Maryland,Rutgers,0,,,False,,-3.4200000000000004,,,,0,
401760406,11,2025-11-08,Air Force,San José State,0,,,False,,-4.58,,,,0,
401756944,11,2025-11-08,Iowa State,TCU,0,,,False,,-2.039999999999999,,,,0,
401756945,11,2025-11-08,BYU,Texas Tech,0,,,False,,-3.3400000000000007,,,,0,
401752895,11,2025-11-08,Nebraska,UCLA,0,,,False,,-2.9200000000000004,,,,0,
401754590,11,2025-11-08,Duke,UConn,0,,,False,,-1.6599999999999995,,,,0,
401752896,11,2025-11-08,Northwestern,USC,0,,,False,,-3.8800000000000012,,,,0,
401757297,11,2025-11-08,Jacksonville State,UTEP,0,,,False,,0.7400000000000007,,,,0,
401752764,11,2025-11-08,Auburn,Vanderbilt,0,,,False,,-4.039999999999999,,,,0,
401754589,11,2025-11-08,Wake Forest,Virginia,0,,,False,,-3.339999999999999,,,,0,
401756947,11,2025-11-08,Colorado,West Virginia,0,,,False,,-2.22,,,,0,
401752899,11,2025-11-08,Washington,Wisconsin,0,,,False,,-1.4,,,,0,
401760408,11,2025-11-09,San Diego State,Hawai'i,0,,,False,,-0.30000000000000004,,,,0,
401757166,11,2025-11-09,Navy,Notre Dame,0,,,False,,-5.580000000000001,,,,0,
401752944,11,2025-11-09,Sam Houston,Oregon State,0,,,False,,-4.459999999999999,,,,0,
401760409,11,2025-11-09,Nevada,Utah State,0,,,False,,-1.5599999999999994,,,,0,
401762856,12,2025-11-12,Kent State,Akron,0,,,False,,-4.4799999999999995,,,,0,
401762857,12,2025-11-12,Ohio,Western Michigan,0,,,False,,-2.4800000000000013,,,,0,
401762858,12,2025-11-13,Buffalo,Central Michigan,0,,,False,,-0.4800000000000004,,,,0,
401762859,12,2025-11-13,Northern Illinois,Massachusetts,0,,,False,,-4.540000000000001,,,,0,
401762860,12,2025-11-13,Toledo,Miami (OH),0,,,False,,-1.6200000000000003,,,,0,
401761649,12,2025-11-14,Troy,Old Dominion,0,,,False,,-3.419999999999999,,,,0,
401752765,12,2025-11-15,Oklahoma,Alabama,0,,,False,-12.5,-2.9200000000000004,-5.92,9.58,-6.58,1,
401756948,12,2025-11-15,West Virginia,Arizona State,0,,,False,,-5.219999999999999,,,,0,
401756950,12,2025-11-15,TCU,BYU,0,,,False,,-1.2800000000000011,,,,0,
401762861,12,2025-11-15,Eastern Michigan,Ball State,0,,,False,,-2.72,,,,0,
401756949,12,2025-11-15,Utah,Baylor,0,,,False,,-7.519999999999999,,,,0,
401754592,12,2025-11-15,Georgia Tech,Boston College,0,,,False,,-0.6400000000000006,,,,0,
401762507,12,2025-11-15,UTSA,Charlotte,0,,,False,,1.9,,,,0,
401756951,12,2025-11-15,Arizona,Cincinnati,0,,,False,,-5.039999999999999,,,,0,
401754593,12,2025-11-15,Virginia,Duke,0,,,False,,-0.12000000000000033,,,,0,
401762508,12,2025-11-15,Memphis,East Carolina,0,,,False,,-2.0799999999999996,,,,0,
401757301,12,2025-11-15,Liberty,Florida International,0,,,False,,0.5400000000000005,,,,0,
401754594,12,2025-11-15,Virginia Tech,Florida State,0,,,False,,-0.4200000000000004,,,,0,
401760412,12,2025-11-15,Wyoming,Fresno State,0,,,False,,-0.30000000000000004,,,,0,
401752766,12,2025-11-15,Texas,Georgia,0,,,False,-2.5,-1.9,-2.5,0.6000000000000001,0.0,0,
401761650,12,2025-11-15,Coastal Carolina,Georgia Southern,0,,,False,,-4.2,,,,0,
401761651,12,2025-11-15,Marshall,Georgia State,0,,,False,,-0.7199999999999989,,,,0,
401752906,12,2025-11-15,Maryland,Illinois,0,,,False,,-3.3,,,,0,
401752901,12,2025-11-15,Wisconsin,Indiana,0,,,False,,-0.680000000000001,,,,0,
401757302,12,2025-11-15,Kennesaw State,Jacksonville State,0,,,False,,-6.14,,,,0,
401761652,12,2025-11-15,App State,James Madison,0,,,False,,-4.159999999999999,,,,0,
401752768,12,2025-11-15,Arkansas,LSU,0,,,False,,-6.6,,,,0,
401754591,12,2025-11-15,Clemson,Louisville,0,,,False,6.25,-0.17999999999999838,2.8200000000000016,-6.429999999999998,3.4299999999999984,0,
401754595,12,2025-11-15,NC State,Miami,0,,,False,,0.5200000000000005,,,,0,
401752903,12,2025-11-15,Penn State,Michigan State,0,,,False,,1.4400000000000004,,,,0,
401752770,12,2025-11-15,Mississippi State,Missouri,0,,,False,,-0.12000000000000033,,,,0,
401762510,12,2025-11-15,South Florida,Navy,0,,,False,,-0.7400000000000007,,,,0,
401760413,12,2025-11-15,San José State,Nevada,0,,,False,,-1.5400000000000005,,,,0,
401760411,12,2025-11-15,Colorado State,New Mexico,0,,,False,,1.1599999999999993,,,,0,
401752905,12,2025-11-15,Michigan,Northwestern,1,,,False,,1.4,,,,0,
401752900,12,2025-11-15,UCLA,Ohio State,0,,,False,,-5.06,,,,0,
401756952,12,2025-11-15,Kansas State,Oklahoma State,0,,,False,,-1.8200000000000003,,,,0,
401752769,12,2025-11-15,Florida,Ole Miss,0,,,False,,0.839999999999999,,,,0,
401752904,12,2025-11-15,Minnesota,Oregon,0,,,False,,-2.8599999999999994,,,,0,
401754597,12,2025-11-15,Notre Dame,Pittsburgh,0,,,False,,0.3800000000000012,,,,0,
401761654,12,2025-11-15,Texas State,Southern Miss,0,,,False,,1.4799999999999995,,,,0,
401752771,12,2025-11-15,New Mexico State,Tennessee,0,,,False,,-6.64,,,,0,
401752772,12,2025-11-15,South Carolina,Texas A&M,0,,,False,,-2.2200000000000015,,,,0,
401756953,12,2025-11-15,UCF,Texas Tech,0,,,False,,-4.800000000000002,,,,0,
401762509,12,2025-11-15,Florida Atlantic,Tulane,0,,,False,,-4.659999999999999,,,,0,
401752945,12,2025-11-15,Oregon State,Tulsa,0,,,False,,-0.4200000000000004,,,,0,
401762506,12,2025-11-15,North Texas,UAB,0,,,False,,-2.78,,,,0,
401757174,12,2025-11-15,Air Force,UConn,0,,,False,,-3.7599999999999993,,,,0,
401761653,12,2025-11-15,South Alabama,UL Monroe,0,,,False,,-3.3,,,,0,
401752907,12,2025-11-15,Iowa,USC,0,,,False,,-5.1800000000000015,,,,0,
401754596,12,2025-11-15,North Carolina,Wake Forest,0,,,False,,-3.2600000000000007,,,,0,
401752902,12,2025-11-15,Purdue,Washington,0,,,False,,-2.4,,,,0,
401757303,12,2025-11-15,Middle Tennessee,Western Kentucky,0,,,False,,-2.0,,,,0,
401760410,12,2025-11-16,Boise State,San Diego State,0,,,False,,1.0,,,,0,
401760414,12,2025-11-16,Utah State,UNLV,0,,,False,,-1.8799999999999997,,,,0,
401752953,12,2025-11-16,Louisiana Tech,Washington State,0,,,False,,-2.5799999999999996,,,,0,
401762862,13,2025-11-19,Akron,Bowling Green,0,,,False,,0.25999999999999934,,,,0,
401762864,13,2025-11-19,Western Michigan,Northern Illinois,0,,,False,,0.7400000000000007,,,,0,
401762863,13,2025-11-19,Massachusetts,Ohio,0,,,False,,-1.7199999999999989,,,,0,
401762865,13,2025-11-20,Miami (OH),Buffalo,0,,,False,,0.24000000000000066,,,,0,
401762866,13,2025-11-20,Central Michigan,Kent State,0,,,False,,-2.0199999999999996,,,,0,
401761655,13,2025-11-21,Louisiana,Arkansas State,0,,,False,,-2.4599999999999995,,,,0,
401761656,13,2025-11-22,Marshall,App State,0,,,False,,2.2,,,,0,
401756954,13,2025-11-22,Baylor,Arizona,0,,,False,,1.939999999999999,,,,0,
401762512,13,2025-11-22,Tulsa,Army,0,,,False,,2.1399999999999997,,,,0,
401760416,13,2025-11-22,Colorado State,Boise State,0,,,False,,-4.24,,,,0,
401756955,13,2025-11-22,BYU,Cincinnati,0,,,False,,-4.079999999999998,,,,0,
401756956,13,2025-11-22,Arizona State,Colorado,0,,,False,4.5,1.439999999999999,4.4399999999999995,-3.060000000000001,0.0600000000000005,0,
401752775,13,2025-11-22,Tennessee,Florida,0,,,False,-4.0,-5.279999999999999,-4.0,-1.2799999999999994,0.0,0,
401757175,13,2025-11-22,UConn,Florida Atlantic,0,,,False,,0.11999999999999877,,,,0,
401757305,13,2025-11-22,Jacksonville State,Florida International,0,,,False,,1.5,,,,0,
401752776,13,2025-11-22,Charlotte,Georgia,0,,,False,,-8.82,,,,0,
401761657,13,2025-11-22,Old Dominion,Georgia Southern,0,,,False,,-4.6800000000000015,,,,0,
401754601,13,2025-11-22,Pittsburgh,Georgia Tech,0,,,False,,-3.0799999999999996,,,,0,
401756957,13,2025-11-22,TCU,Houston,0,,,False,,-1.5800000000000012,,,,0,
401752913,13,2025-11-22,Michigan State,Iowa,0,,,False,,-0.19999999999999996,,,,0,
401756958,13,2025-11-22,Kansas,Iowa State,0,,,False,,-1.0200000000000002,,,,0,
401752954,13,2025-11-22,Washington State,James Madison,0,,,False,,-5.5,,,,0,
401752777,13,2025-11-22,Western Kentucky,LSU,0,,,False,,-9.42,,,,0,
401757307,13,2025-11-22,Liberty,Louisiana Tech,0,,,False,,1.7200000000000002,,,,0,
401752914,13,2025-11-22,Michigan,Maryland,0,,,False,,0.5200000000000005,,,,0,
401757308,13,2025-11-22,Sam Houston,Middle Tennessee,0,,,False,,-2.3599999999999994,,,,0,
401754598,13,2025-11-22,Florida State,NC State,0,,,False,,-4.92,,,,0,
401754600,13,2025-11-22,Duke,North Carolina,0,,,False,0.0,-1.2799999999999998,0.0,-1.2799999999999998,0.0,0,
401752909,13,2025-11-22,Minnesota,Northwestern,1,,,False,,0.7,,,,0,
401754604,13,2025-11-22,Syracuse,Notre Dame,0,,,False,,-6.540000000000001,,,,0,
401752912,13,2025-11-22,Rutgers,Ohio State,0,,,False,,-5.3,,,,0,
401752778,13,2025-11-22,Missouri,Oklahoma,0,,,False,-7.5,-3.7400000000000007,-6.74,3.7599999999999993,-0.7599999999999998,0,
401752911,13,2025-11-22,USC,Oregon,0,,,False,-12.75,-1.6799999999999984,-4.679999999999998,11.070000000000002,-8.070000000000002,1,
401752908,13,2025-11-22,Nebraska,Penn State,0,,,False,,-6.32,,,,0,
401762514,13,2025-11-22,North Texas,Rice,0,,,False,,-1.3200000000000003,,,,0,
401754602,13,2025-11-22,Louisville,SMU,0,,,False,,-2.22,,,,0,
401760420,13,2025-11-22,San José State,San Diego State,0,,,False,,-0.5200000000000002,,,,0,
401761658,13,2025-11-22,Southern Miss,South Alabama,0,,,False,,-0.7400000000000007,,,,0,
401752779,13,2025-11-22,Coastal Carolina,South Carolina,0,,,False,,-5.579999999999998,,,,0,
401754599,13,2025-11-22,California,Stanford,0,,,False,,-1.6400000000000006,,,,0,
401762515,13,2025-11-22,Tulane,Temple,0,,,False,,-2.5200000000000005,,,,0,
401752780,13,2025-11-22,Arkansas,Texas,0,,,False,,-5.44,,,,0,
401761659,13,2025-11-22,UL Monroe,Texas State,0,,,False,,-5.4399999999999995,,,,0,
401762867,13,2025-11-22,Ball State,Toledo,0,,,False,,-5.3,,,,0,
401761660,13,2025-11-22,Georgia State,Troy,0,,,False,,0.019999999999998685,,,,0,
401762511,13,2025-11-22,South Florida,UAB,0,,,False,,-0.2200000000000002,,,,0,
401756959,13,2025-11-22,Oklahoma State,UCF,0,,,False,,0.7000000000000002,,,,0,
401752910,13,2025-11-22,Washington,UCLA,0,,,False,,-1.7800000000000011,,,,0,
401760418,13,2025-11-22,Hawai'i,UNLV,0,,,False,,-4.159999999999999,,,,0,
401757309,13,2025-11-22,New Mexico State,UTEP,0,,,False,,-3.6199999999999997,,,,0,
401762513,13,2025-11-22,East Carolina,UTSA,0,,,False,,-5.220000000000001,,,,0,
401756960,13,2025-11-22,Kansas State,Utah,0,,,False,-1.5,1.9599999999999995,-1.0400000000000005,3.4599999999999995,-0.4599999999999995,0,
401752782,13,2025-11-22,Kentucky,Vanderbilt,0,,,False,,-3.6799999999999984,,,,0,
401754603,13,2025-11-22,Miami,Virginia Tech,0,,,False,,-3.1799999999999997,,,,0,
401752915,13,2025-11-22,Illinois,Wisconsin,0,,,False,,-1.9799999999999998,,,,0,
401760419,13,2025-11-22,Nevada,Wyoming,0,,,False,,-1.7200000000000002,,,,0,
401760415,13,2025-11-23,New Mexico,Air Force,0,,,False,,-3.3,,,,0,
401760417,13,2025-11-23,Utah State,Fresno State,0,,,False,,-0.46000000000000085,,,,0,
401762869,14,2025-11-25,Western Michigan,Eastern Michigan,0,,,False,,1.8600000000000008,,,,0,
401762868,14,2025-11-25,Bowling Green,Massachusetts,0,,,False,,-5.540000000000001,,,,0,
401756961,14,2025-11-28,Arizona,Arizona State,0,,,False,,-5.239999999999999,,,,0,
401762870,14,2025-11-28,Ohio,Buffalo,0,,,False,,-0.02000000000000024,,,,0,
401760421,14,2025-11-28,Air Force,Colorado State,0,,,False,,-3.8599999999999994,,,,0,
401752786,14,2025-11-28,Georgia,Georgia Tech,1,,,False,13.5,1.3600000000000008,4.360000000000001,-12.139999999999999,9.139999999999999,1,
401756964,14,2025-11-28,Utah,Kansas,0,,,False,,-6.2,,,,0,
401762516,14,2025-11-28,Navy,Memphis,0,,,False,,0.5799999999999996,,,,0,
401752788,14,2025-11-28,Ole Miss,Mississippi State,0,,,False,11.5,-4.039999999999999,-1.0399999999999991,-15.54,12.54,1,
401752916,14,2025-11-28,Iowa,Nebraska,0,,,False,-2.5,-2.9200000000000004,-2.5,-0.4200000000000004,0.0,0,
401760426,14,2025-11-28,San Diego State,New Mexico,0,,,False,,0.3999999999999999,,,,0,
401762871,14,2025-11-28,Kent State,Northern Illinois,0,,,False,,-3.22,,,,0,
401762441,14,2025-11-28,Army,UTSA,0,,,False,,-8.86,,,,0,
401760422,14,2025-11-28,Boise State,Utah State,0,,,False,,0.4200000000000004,,,,0,
401761661,14,2025-11-29,Arkansas State,App State,0,,,False,,0.9399999999999991,,,,0,
401752783,14,2025-11-29,Missouri,Arkansas,0,,,False,,-2.12,,,,0,
401752784,14,2025-11-29,Alabama,Auburn,0,,,False,5.5,0.2600000000000007,3.2600000000000007,-5.239999999999999,2.2399999999999993,1,
401756963,14,2025-11-29,UCF,BYU,0,,,False,,-3.460000000000001,,,,0,
401756962,14,2025-11-29,Houston,Baylor,0,,,False,,-4.679999999999998,,,,0,
401754609,14,2025-11-29,SMU,California,0,,,False,,0.8200000000000003,,,,0,
401762872,14,2025-11-29,Toledo,Central Michigan,0,,,False,,2.1399999999999997,,,,0,
401761662,14,2025-11-29,James Madison,Coastal Carolina,0,,,False,,-2.6400000000000006,,,,0,
401754610,14,2025-11-29,Wake Forest,Duke,0,,,False,,-1.4599999999999995,,,,0,
401752785,14,2025-11-29,Florida State,Florida,0,,,False,,-4.9399999999999995,,,,0,
401762519,14,2025-11-29,East Carolina,Florida Atlantic,0,,,False,,-0.7400000000000007,,,,0,
401752922,14,2025-11-29,Northwestern,Illinois,0,,,False,,-2.1799999999999997,,,,0,
401757312,14,2025-11-29,Western Kentucky,Jacksonville State,0,,,False,,-3.8200000000000003,,,,0,
401756965,14,2025-11-29,Colorado,Kansas State,0,,,False,,-4.58,,,,0,
401757313,14,2025-11-29,Kennesaw State,Liberty,0,,,False,,-5.180000000000001,,,,0,
401761665,14,2025-11-29,UL Monroe,Louisiana,0,,,False,,-2.78,,,,0,
401752787,14,2025-11-29,Kentucky,Louisville,0,,,False,,-3.1199999999999988,,,,0,
401761663,14,2025-11-29,Georgia Southern,Marshall,0,,,False,,-1.2,,,,0,
401762875,14,2025-11-29,Ball State,Miami (OH),0,,,False,,-4.92,,,,0,
401752921,14,2025-11-29,Ohio State,Michigan,0,,,False,5.5,0.20000000000000018,3.2,-5.3,2.3,1,
401752923,14,2025-11-29,Maryland,Michigan State,1,,,False,,-1.6200000000000003,,,,0,
401752918,14,2025-11-29,Wisconsin,Minnesota,0,,,False,,-2.5400000000000005,,,,0,
401754612,14,2025-11-29,North Carolina,NC State,0,,,False,-2.5,-6.860000000000001,-3.860000000000001,-4.360000000000001,1.3600000000000012,1,
401757315,14,2025-11-29,Middle Tennessee,New Mexico State,0,,,False,,0.54,,,,0,
401762442,14,2025-11-29,Temple,North Texas,0,,,False,,-1.2799999999999998,,,,0,
401752789,14,2025-11-29,LSU,Oklahoma,0,,,False,,0.9799999999999995,,,,0,
401756966,14,2025-11-29,Iowa State,Oklahoma State,0,,,False,,-2.5599999999999996,,,,0,
401761664,14,2025-11-29,Georgia State,Old Dominion,0,,,False,,-1.4,,,,0,
401754611,14,2025-11-29,Miami,Pittsburgh,0,,,False,,-2.88,,,,0,
401752924,14,2025-11-29,Indiana,Purdue,0,,,False,,-3.5199999999999987,,,,0,
401752920,14,2025-11-29,Penn State,Rutgers,0,,,False,,1.6400000000000006,,,,0,
401757311,14,2025-11-29,Florida International,Sam Houston,1,,,False,,-1.3200000000000003,,,,0,
401760423,14,2025-11-29,Fresno State,San José State,0,,,False,,-4.4399999999999995,,,,0,
401752790,14,2025-11-29,Clemson,South Carolina,0,,,False,4.5,-1.0399999999999978,1.9600000000000022,-5.539999999999997,2.539999999999998,0,
401762520,14,2025-11-29,Rice,South Florida,0,,,False,,-5.239999999999999,,,,0,
401761666,14,2025-11-29,Troy,Southern Miss,0,,,False,,-2.7599999999999993,,,,0,
401754614,14,2025-11-29,Notre Dame,Stanford,0,,,False,,2.4800000000000013,,,,0,
401754608,14,2025-11-29,Boston College,Syracuse,0,,,False,,-0.12000000000000033,,,,0,
401756967,14,2025-11-29,Cincinnati,TCU,0,,,False,,-0.6400000000000006,,,,0,
401752791,14,2025-11-29,Vanderbilt,Tennessee,0,,,False,,1.0399999999999991,,,,0,
401752792,14,2025-11-29,Texas A&M,Texas,0,,,False,-10.5,-2.6,-5.6,7.9,-4.9,1,
401761667,14,2025-11-29,South Alabama,Texas State,0,,,False,,-6.739999999999999,,,,0,
401762518,14,2025-11-29,Charlotte,Tulane,0,,,False,,-4.08,,,,0,
401762517,14,2025-11-29,UAB,Tulsa,0,,,False,,-0.5200000000000002,,,,0,
401752919,14,2025-11-29,UCLA,USC,0,,,False,,-3.3400000000000007,,,,0,
401754613,14,2025-11-29,Virginia Tech,Virginia,0,,,False,,-1.0799999999999996,,,,0,
401752917,14,2025-11-29,Oregon,Washington,0,,,False,11.5,-1.2,1.8,-12.7,9.7,0,
401752946,14,2025-11-29,Oregon State,Washington State,0,,,False,,2.38,,,,0,
401756968,14,2025-11-29,Texas Tech,West Virginia,0,,,False,,0.28000000000000114,,,,0,
401760424,14,2025-11-30,Wyoming,Hawai'i,0,,,False,,0.4400000000000004,,,,0,
401760425,14,2025-11-30,UNLV,Nevada,0,,,False,,-2.560000000000001,,,,0,
401762521,16,2025-12-13,Army,Navy,1,,,False,-3.5,-6.14,-3.5,-2.6399999999999997,0.0,0,
